Date,Open,High,Low,Close,Volume
12/13/2012,163.869995,164.899994,163.779999,164.369995,9332800
12/14/2012,164.169998,164.479996,164.020004,164.130005,5351700
12/17/2012,164.160004,164.619995,164.130005,164.440002,8173300
12/18/2012,164.350006,164.429993,160.899994,162.080002,23995000
12/19/2012,161.309998,162.220001,161.110001,161.690002,12991600
12/20/2012,159.869995,160.119995,158.389999,159.729996,25148400
12/21/2012,159.820007,160.759995,159.779999,160.330002,13445400
12/24/2012,160.880005,160.960007,160.470001,160.619995,3699400
12/26/2012,161.360001,161.490005,160.639999,160.779999,4961800
12/27/2012,160.229996,161.309998,160.050003,161.160004,8937700
12/28/2012,160.940002,160.970001,160.149994,160.539993,6852900
12/31/2012,160.899994,162.75,160.770004,162.020004,11786200
1/2/2013,163.490005,164.139999,163.139999,163.169998,10431800
1/3/2013,162.479996,162.880005,160.830002,161.199997,16117500
1/4/2013,159.520004,160.630005,158.889999,160.440002,19179800
1/7/2013,159.360001,159.960007,159.149994,159.429993,9361800
1/8/2013,160.460007,160.990005,160.009995,160.559998,7694800
1/9/2013,160.770004,160.830002,159.899994,160.490005,8334200
1/10/2013,161.610001,162.559998,161.610001,161.979996,11432600
1/11/2013,161.860001,161.899994,160.110001,161.059998,13675600
1/14/2013,161.880005,161.970001,161.130005,161.539993,7289000
1/15/2013,162.800003,163.169998,162.350006,162.559998,10077800
1/16/2013,162.419998,163.029999,162.149994,162.649994,9214700
1/17/2013,161.940002,164.399994,161.830002,163.350006,14911400
1/18/2013,163.949997,163.970001,163.020004,163.089996,10038100
1/22/2013,163.479996,164.220001,163.369995,163.669998,8587900
1/23/2013,163.919998,163.949997,163,163.210007,6697000
1/24/2013,161.979996,162.270004,161.179993,161.419998,13188300
1/25/2013,160.559998,161.039993,160.309998,160.649994,9037400
1/28/2013,160.240005,160.729996,160.020004,160.289993,8491600
1/29/2013,161.009995,161.309998,160.690002,160.990005,7364900
1/30/2013,162.679993,163.039993,162.029999,162.190002,12010000
1/31/2013,161.619995,161.809998,160.470001,161.199997,9334000
2/1/2013,162.660004,162.770004,160.869995,161.449997,12904300
2/4/2013,161.190002,162.419998,161.149994,162,7354900
2/5/2013,162.75,162.789993,161.330002,161.960007,8979400
2/6/2013,162.130005,162.630005,161.990005,162.389999,6138700
2/7/2013,161.240005,162.960007,161.130005,161.839996,12827200
2/8/2013,161.460007,162.020004,161.199997,161.570007,6085900
2/11/2013,159.779999,159.979996,159.25,159.699997,12083500
2/12/2013,159.350006,160.050003,158.880005,159.889999,7632300
2/13/2013,159.600006,159.639999,158.770004,159.050003,8961300
2/14/2013,159.309998,159.649994,158.039993,158.350006,12410200
2/15/2013,156.419998,156.580002,154.559998,155.759995,23374100
2/19/2013,155.800003,155.839996,154.929993,155.330002,11803900
2/20/2013,153.899994,153.929993,150.839996,151.440002,30924000
2/21/2013,152,153.410004,151.899994,152.619995,17964800
2/22/2013,152.259995,152.990005,151.929993,152.970001,10093200
2/25/2013,153.520004,154.559998,153.309998,154.339996,9488200
2/26/2013,154.389999,156.800003,153.320007,156.220001,18182300
2/27/2013,155.460007,155.600006,154.080002,154.570007,9596100
2/28/2013,154.089996,154.160004,152.389999,153,14864400
3/1/2013,153.160004,153.610001,152.139999,152.440002,11178800
3/4/2013,152.449997,152.740005,151.869995,152.300003,6643800
3/5/2013,153.100006,153.389999,152.110001,152.380005,10804200
3/6/2013,152.169998,153.380005,151.649994,153.229996,10856000
3/7/2013,153.020004,153.210007,152.399994,152.690002,6586700
3/8/2013,151.610001,153.289993,151.399994,152.710007,11859500
3/11/2013,152.820007,153.059998,152.649994,152.990005,4810700
3/12/2013,154.070007,154.690002,153.899994,154.190002,7265700
3/13/2013,154.259995,154.600006,153.419998,153.660004,7436400
3/14/2013,153.020004,154.169998,153.009995,153.679993,11410400
3/15/2013,154.119995,154.720001,153.970001,154,5701300
3/18/2013,155.699997,155.929993,155,155.380005,9302400
3/19/2013,155.220001,156.339996,155.100006,156.080002,11023400
3/20/2013,155.529999,155.830002,154.880005,155.369995,8221500
3/21/2013,156.169998,156.429993,155.880005,156.25,4992000
3/22/2013,155.449997,155.990005,155.419998,155.550003,4746300
3/25/2013,154.710007,155.570007,154.360001,155.240005,6819100
3/26/2013,154.470001,154.910004,154.279999,154.720001,7388700
3/27/2013,154.669998,155.619995,154.509995,155.360001,6717000
3/28/2013,154.5,154.800003,154.220001,154.449997,6851200
4/1/2013,154.570007,154.929993,154.300003,154.669998,4288100
4/2/2013,153.089996,153.309998,152.259995,152.429993,9398300
4/3/2013,152.020004,152.529999,149.919998,150.729996,15740800
4/4/2013,149.649994,150.600006,149.440002,150.289993,12429000
4/5/2013,151.539993,152.960007,151.070007,152.809998,14491800
4/8/2013,152.389999,152.589996,151.600006,152.160004,6246000
4/9/2013,152.320007,153.850006,152.279999,153.339996,7042200
4/10/2013,152.669998,152.710007,150.580002,150.75,18507400
4/11/2013,150.759995,151.710007,150.630005,151.050003,8063200
4/12/2013,148.649994,148.850006,143.429993,143.949997,55601800
4/15/2013,136,136.75,130.509995,131.309998,93804200
4/16/2013,134.899994,135.110001,131.759995,132.800003,45650800
4/17/2013,133.809998,134.949997,132.320007,132.869995,25444100
4/18/2013,134.119995,135.309998,133.619995,134.300003,20040500
4/19/2013,136,136.020004,134.600006,135.470001,15659300
4/22/2013,138.149994,138.270004,137.220001,137.899994,16568500
4/23/2013,137.220001,137.240005,135.850006,136.880005,14644900
4/24/2013,138.089996,138.550003,137.449997,138.369995,10369300
4/25/2013,140,142.080002,139.789993,141.630005,18886900
4/26/2013,142.300003,143.429993,140.039993,140.910004,19307800
4/29/2013,142.130005,142.660004,141.490005,142.300003,11004500
4/30/2013,142.270004,142.830002,141.550003,142.770004,11284400
5/1/2013,140.589996,141.550003,139.300003,141.110001,13931100
5/2/2013,142,142.470001,141.639999,141.919998,11502200
5/3/2013,141.699997,142.710007,141.399994,142.089996,11667100
5/6/2013,142.330002,142.460007,141.630005,142.149994,7730300
5/7/2013,140.380005,140.639999,139.369995,140.380005,13627400
5/8/2013,141.779999,142.809998,141.490005,142.460007,11161100
5/9/2013,141.330002,142.360001,140.509995,140.809998,8263000
5/10/2013,138.220001,139.75,137.259995,139.600006,14650600
5/13/2013,138.460007,138.970001,138.160004,138.429993,6714100
5/14/2013,137.949997,139.160004,137.639999,137.809998,9895700
5/15/2013,136.589996,136.979996,134.229996,134.630005,19062400
5/16/2013,133.179993,134.479996,133,134.089996,12759200
5/17/2013,133.169998,133.479996,131.020004,131.070007,20346500
5/20/2013,130.880005,135.320007,130.850006,135.119995,21594000
5/21/2013,132.169998,133.649994,131.449997,132.880005,14542500
5/22/2013,134.179993,136.770004,130.949997,131.940002,25975200
5/23/2013,134.509995,134.839996,133.119995,134.610001,10267600
5/24/2013,134.110001,134.509995,133.639999,133.759995,5522600
5/28/2013,133.679993,135.570007,132.800003,133.490005,12466400
5/29/2013,134.089996,134.910004,133.639999,134.830002,8762200
5/30/2013,136.669998,137.110001,136.259995,136.699997,8611700
5/31/2013,135.710007,136.050003,133.889999,133.919998,9726600
6/3/2013,134.770004,136.979996,134.429993,136.509995,9173000
6/4/2013,135.210007,135.440002,134.270004,135.229996,5505200
6/5/2013,135.470001,136.369995,135.009995,135.520004,7444900
6/6/2013,135.389999,137.619995,134.979996,136.529999,9847700
6/7/2013,134.110001,134.619995,133.179993,133.279999,11054400
6/10/2013,133.300003,134.279999,132.990005,133.940002,6142800
6/11/2013,132.309998,133.509995,132.240005,133.25,7199300
6/12/2013,132.949997,134.830002,132.830002,134.25,6550600
6/13/2013,133.309998,134.199997,132.820007,133.740005,7161800
6/14/2013,134,134.600006,133.880005,134.429993,4278700
6/17/2013,133.889999,134.059998,133.520004,133.770004,4072300
6/18/2013,132.720001,132.960007,131.529999,132.130005,7379300
6/19/2013,132.580002,133.149994,130.380005,130.589996,13017800
6/20/2013,125.220001,126.379997,123.330002,123.599998,28872100
6/21/2013,125.160004,125.57,124.459999,125.050003,16600000
6/24/2013,124.309998,124.699997,123.309998,123.93,12749300
6/25/2013,123.650002,123.900002,122.879997,123.470001,9369200
6/26/2013,119.879997,119.900002,118.059998,118.279999,24748800
6/27/2013,119.099998,119.510002,115.650002,115.940002,30001900
6/28/2013,115.220001,119.330002,114.68,119.110001,32981900
7/1/2013,119.940002,121.949997,119.379997,121.129997,15945200
7/2/2013,121.339996,121.470001,119.779999,120.050003,10550300
7/3/2013,120.699997,121.769997,120.540001,120.739998,6750300
7/5/2013,118.080002,118.18,116.739998,118.089996,11592500
7/8/2013,119.089996,119.660004,118.93,119.510002,8652200
7/9/2013,120.839996,121.510002,120.050003,120.620003,8201400
7/10/2013,121.150002,122.349998,120.589996,120.949997,14697100
7/11/2013,124.260002,124.360001,123.470001,124.239998,11279400
7/12/2013,123.519997,124.300003,123.32,124.129997,6583800
7/15/2013,124.080002,124.389999,123.839996,124.18,4133200
7/16/2013,124.760002,125.209999,124.330002,124.889999,5577300
7/17/2013,125.040001,125.699997,122.730003,123.32,10882400
7/18/2013,124.110001,124.519997,123.779999,124.010002,6150900
7/19/2013,124.889999,125.419998,124.650002,125.110001,5767800
7/22/2013,127.650002,129.460007,127.589996,128.839996,10851900
7/23/2013,128.699997,130.139999,128.350006,129.710007,8820100
7/24/2013,129.169998,129.399994,126.870003,127.480003,9979100
7/25/2013,127.699997,128.869995,127.639999,128.669998,4702400
7/26/2013,128.110001,128.970001,126.779999,128.779999,6148500
7/29/2013,128.449997,128.779999,128.25,128.470001,3554100
7/30/2013,127.949997,128.309998,127.220001,128.119995,4487700
7/31/2013,127.760002,128.919998,126.129997,127.959999,16015300
8/1/2013,127.839996,127.889999,126.330002,126.610001,10564300
8/2/2013,126.739998,127.25,126.32,126.360001,6466300
8/5/2013,126.510002,126.639999,125.339996,125.699997,4003900
8/6/2013,124.330002,124.550003,123.550003,123.970001,6016200
8/7/2013,124,124.599998,123.849998,124.150002,5304700
8/8/2013,124.779999,126.989998,124.769997,126.860001,8653600
8/9/2013,126.510002,127.269997,126.300003,126.860001,6192000
8/12/2013,129.570007,129.710007,128.880005,129.130005,7414300
8/13/2013,128.490005,128.649994,127.379997,127.739998,7336100
8/14/2013,127.660004,129.070007,127.57,129,8713200
8/15/2013,128.059998,132.360001,127.980003,131.690002,17226300
8/16/2013,132.559998,133.270004,131.389999,132.580002,14447100
8/19/2013,132.330002,132.5,131.589996,132.009995,8118400
8/20/2013,132.029999,133.130005,132.020004,132.449997,7809100
8/21/2013,131.740005,133.229996,131.509995,132.070007,10720200
8/22/2013,132.559998,133.460007,132.270004,132.809998,5741800
8/23/2013,132.580002,135.240005,132.5,134.899994,11623400
8/26/2013,134.880005,135.600006,134.149994,135.449997,7692100
8/27/2013,136.940002,137.550003,136.520004,136.75,11283300
8/28/2013,137.210007,137.460007,136.660004,136.710007,13650400
8/29/2013,136.119995,136.550003,135.419998,135.869995,7939400
8/30/2013,134.649994,135.710007,134.440002,134.619995,7680000
9/3/2013,135.460007,136.789993,135.029999,136.419998,8100700
9/4/2013,134.610001,134.839996,133.720001,134.660004,7785400
9/5/2013,134.130005,134.350006,131.800003,132.199997,11118600
9/6/2013,133.419998,134.399994,133.330002,134.149994,8448700
9/9/2013,134.130005,134.320007,133.669998,133.910004,5090500
9/10/2013,131.820007,132,131.110001,131.740005,8433100
9/11/2013,131.580002,131.809998,131.259995,131.699997,5046600
9/12/2013,128.619995,128.779999,127.610001,127.669998,12944000
9/13/2013,127.160004,127.959999,126.209999,127.82,12060400
9/16/2013,127.480003,128.020004,126.330002,126.449997,9829100
9/17/2013,126.809998,126.989998,126.110001,126.5,8135500
9/18/2013,125.32,132.160004,125.150002,132.009995,24780000
9/19/2013,132,132.779999,131.220001,131.75,14353900
9/20/2013,130.600006,130.910004,127.900002,127.959999,19558200
9/23/2013,127.519997,128.440002,127.330002,127.550003,7421800
9/24/2013,126.400002,128.210007,126.339996,127.660004,7349700
9/25/2013,127.57,129.210007,127.519997,128.789993,7519100
9/26/2013,128.610001,128.990005,127.32,127.790001,9491300
9/27/2013,128.860001,129.580002,128.839996,128.970001,7430200
9/30/2013,127.949997,129.139999,127.699997,128.179993,8979000
10/1/2013,125.25,125.260002,123.809998,124.589996,16721100
10/2/2013,125.370003,127.809998,125.339996,127.059998,11994200
10/3/2013,126.769997,127.690002,126.220001,127.18,11632900
10/4/2013,127.050003,127.150002,126,126.529999,6923700
10/7/2013,127.25,128.330002,127.120003,127.639999,6732800
10/8/2013,127.790001,128.449997,127.209999,127.400002,6999700
10/9/2013,126.209999,126.889999,124.970001,126.110001,10705100
10/10/2013,125.339996,125.830002,124.099998,124.269997,10523600
10/11/2013,122.370003,122.809998,121.849998,122.599998,15972600
10/14/2013,123.900002,124.239998,122.809998,122.830002,6118200
10/15/2013,122.279999,124.360001,122.220001,123.730003,8384200
10/16/2013,123.519997,123.889999,122.510002,123.540001,8523400
10/17/2013,127.010002,127.860001,126.809998,127.419998,11785100
10/18/2013,126.870003,127.330002,126.599998,126.849998,5350500
10/21/2013,127.129997,127.339996,126.790001,126.980003,3395200
10/22/2013,128.25,129.809998,128.220001,129.339996,8849000
10/23/2013,128.550003,129.089996,128.350006,128.690002,5092200
10/24/2013,129.410004,130.529999,129.410004,129.899994,10221400
10/25/2013,129.529999,130.919998,129.460007,130.460007,8767900
10/28/2013,130.410004,131.440002,130.100006,130.559998,6807800
10/29/2013,130.160004,130.589996,129.570007,129.770004,5328500
10/30/2013,130.830002,131.220001,128.809998,129.600006,8896000
10/31/2013,128.039993,128.490005,127.300003,127.739998,7753300
11/1/2013,126.860001,127.169998,126.050003,126.949997,9566200
11/4/2013,127.18,127.519997,126.739998,126.809998,3819300
11/5/2013,126.709999,126.860001,126,126.559998,4941200
11/6/2013,127.110001,127.360001,126.919998,127.199997,3544900
11/7/2013,126.139999,126.849998,125.860001,126.160004,7700100
11/8/2013,124.459999,124.459999,123.620003,124.279999,8427300
11/11/2013,123.919998,123.970001,123.660004,123.870003,3277700
11/12/2013,123.510002,123.870003,121.730003,122.449997,7705600
11/13/2013,122.970001,123.239998,122.389999,122.849998,5967000
11/14/2013,123.919998,124.910004,123.879997,124.269997,7669700
11/15/2013,124.160004,124.519997,124.07,124.32,4660700
11/18/2013,123.699997,123.959999,122.550003,122.900002,6241300
11/19/2013,122.970001,123.400002,122.830002,122.949997,3666500
11/20/2013,121.669998,122.440002,119.760002,120.120003,14281000
11/21/2013,119.809998,120.349998,119.309998,119.940002,7557500
11/22/2013,120.239998,120.400002,119.82,119.919998,6774400
11/25/2013,119.18,121,119.129997,120.459999,7266300
11/26/2013,119.839996,120.400002,119.589996,119.82,9053300
11/27/2013,120.489998,120.690002,119.25,119.459999,6144600
11/29/2013,120.669998,121.050003,120.620003,120.699997,2364700
12/2/2013,119.199997,119.290001,117.5,117.580002,10297100
12/3/2013,117.580002,118.309998,117.230003,117.959999,7004800
12/4/2013,118.330002,120.760002,118.160004,119.959999,9110700
12/5/2013,118.199997,119.239998,117.410004,118.300003,10254700
12/6/2013,118.860001,119.260002,118.010002,118.550003,7909500
12/9/2013,118.989998,119.919998,118.949997,119.720001,5510400
12/10/2013,122.139999,122.32,121.470001,121.82,9155600
12/11/2013,121.489998,121.809998,120.760002,120.860001,9934900
12/12/2013,118.610001,118.82,118.029999,118.290001,8810800
12/13/2013,118.889999,119.489998,118.760002,119.379997,6482100
12/16/2013,119.260002,120.769997,118.970001,119.690002,8189500
12/17/2013,118.959999,119.900002,118.370003,118.650002,8589100
12/18/2013,119,120.050003,117.290001,117.610001,16265000
12/19/2013,115.970001,116.059998,114.5,114.82,15955400
12/20/2013,115.370003,116.470001,115.059998,115.940002,14693700
12/23/2013,115.610001,116.120003,115.43,115.57,6237300
12/24/2013,115.790001,116.290001,115.709999,116.099998,3353900
12/26/2013,117.230003,117.230003,116.650002,116.739998,3868400
12/27/2013,117.309998,117.379997,116.849998,117.120003,4206200
12/30/2013,116.370003,116.400002,115.18,115.389999,6703200
12/31/2013,114.610001,117.129997,114.459999,116.120003,12835900
1/2/2014,117.93,118.730003,117.75,118,7551000
1/3/2014,118.639999,119.620003,118.589996,119.290001,5874400
1/6/2014,119.760002,120.389999,117.110001,119.5,10106500
1/7/2014,118.459999,118.919998,118.129997,118.82,6433700
1/8/2014,117.989998,118.519997,117.5,118.120003,7428500
1/9/2014,118.110001,118.690002,117.989998,118.459999,3972800
1/10/2014,119.720001,120.43,119.580002,120.260002,7993200
1/13/2014,120.269997,121.040001,120.199997,121.019997,5872700
1/14/2014,120.540001,121.059998,119.720001,119.889999,7505400
1/15/2014,119.190002,119.809998,119.110001,119.660004,5474300
1/16/2014,119.839996,119.959999,119.57,119.790001,3949500
1/17/2014,120.349998,121.019997,120.199997,120.93,7923400
1/21/2014,119.230003,119.970001,119.230003,119.699997,6763500
1/22/2014,119.650002,119.769997,119.169998,119.190002,4891800
1/23/2014,120.970001,122.019997,120.970001,121.790001,11028200
1/24/2014,122.059998,122.5,121.550003,122.290001,8515700
1/27/2014,121.650002,122.059998,120.720001,120.959999,7528600
1/28/2014,121.32,121.400002,120.410004,120.949997,5149500
1/29/2014,122.190002,122.510002,121.129997,122.470001,12257500
1/30/2014,119.669998,120.220001,119.599998,119.769997,8746500
1/31/2014,120.650002,120.860001,119.459999,120.089996,7983100
2/3/2014,120.470001,122.110001,120.32,121.32,9267300
2/4/2014,120.410004,121.089996,120.389999,120.989998,7027400
2/5/2014,121.760002,121.879997,120.730003,121.290001,6800000
2/6/2014,121.379997,121.510002,120.779999,121.239998,4745800
2/7/2014,121.239998,122.239998,121.230003,122.169998,6674700
2/10/2014,122.800003,123.160004,122.720001,122.919998,7931200
2/11/2014,123.379997,124.75,123.360001,124.360001,11546000
2/12/2014,124.400002,124.980003,124.129997,124.43,6651900
2/13/2014,124.699997,125.599998,124.660004,125.489998,9167900
2/14/2014,126.989998,127.379997,126.75,127.150002,11147900
2/18/2014,127.419998,127.75,127.089996,127.400002,7685800
2/19/2014,127.260002,127.449997,126.160004,126.269997,9384100
2/20/2014,126.75,127.75,126.400002,127.599998,10572900
2/21/2014,127.57,128.070007,127.150002,127.580002,7298200
2/24/2014,128.509995,129.070007,128.339996,128.990005,12114200
2/25/2014,128.619995,129.529999,128.570007,129.210007,5786000
2/26/2014,128.490005,128.759995,127.419998,128.110001,7052900
2/27/2014,128.399994,128.800003,127.889999,128.199997,5066500
2/28/2014,128.270004,128.350006,127.150002,127.620003,10584100
3/3/2014,130,130.589996,129.809998,130.289993,11741100
3/4/2014,128.539993,129.240005,128.320007,128.679993,6341700
3/5/2014,128.710007,129.339996,128.580002,128.889999,4878500
3/6/2014,129.710007,130.470001,129.470001,130.169998,5408900
3/7/2014,128.25,129.229996,128.210007,129.089996,7575000
3/10/2014,128.880005,129.610001,128.779999,129.130005,4169900
3/11/2014,130.009995,130.149994,128.929993,129.860001,7289800
3/12/2014,131.559998,132.119995,131.389999,131.759995,11094200
3/13/2014,131.690002,132.539993,131.559998,132.210007,8007700
3/14/2014,133.679993,133.690002,132.350006,133.100006,11939600
3/17/2014,132.729996,133.220001,131.220001,131.639999,14626800
3/18/2014,130.389999,131.270004,130.330002,130.619995,6424400
3/19/2014,129.550003,129.679993,127.940002,128.089996,12932900
3/20/2014,127.779999,128.410004,127.580002,127.860001,7690800
3/21/2014,129.039993,129.089996,128.410004,128.470001,7237300
3/24/2014,126.870003,127.139999,126.029999,126.18,13076500
3/25/2014,126.440002,126.82,126.239998,126.410004,6566900
3/26/2014,126.269997,126.379997,125.129997,125.410004,8575400
3/27/2014,125.059998,125.290001,124.209999,124.589996,7312300
3/28/2014,124.230003,124.959999,123.879997,124.559998,7253700
3/31/2014,124.519997,124.790001,123.57,123.610001,12379200
4/1/2014,123.709999,123.849998,123.110001,123.389999,5992000
4/2/2014,124.410004,124.75,124.190002,124.32,4907800
4/3/2014,123.75,124.260002,123.589996,123.919998,3658800
4/4/2014,125.199997,125.959999,124.860001,125.57,7278400
4/7/2014,125.07,125.470001,124.839996,124.910004,3967200
4/8/2014,126.339996,126.339996,125.900002,126.089996,6939100
4/9/2014,125.459999,126.720001,125.330002,126.32,5305600
4/10/2014,126.949997,127.370003,126.82,127.010002,5003200
4/11/2014,127.040001,127.309998,126.730003,126.93,4697200
4/14/2014,127.800003,128.25,127.620003,127.849998,6677400
4/15/2014,124.790001,125.699997,124.599998,125.489998,9967600
4/16/2014,125.370003,125.57,125.029999,125.540001,4071300
4/17/2014,125.379997,125.529999,124.57,124.75,5901900
4/21/2014,124.07,124.330002,123.760002,124.239998,6579200
4/22/2014,124.150002,124.160004,122.919998,123.779999,6898100
4/23/2014,123.699997,123.940002,123.379997,123.760002,3736600
4/24/2014,122.870003,125.120003,122.839996,124.559998,8754200
4/25/2014,125.169998,125.709999,125.07,125.43,7023700
4/28/2014,125.300003,125.339996,124.449997,124.879997,4897900
4/29/2014,124.949997,125.379997,124.650002,124.860001,5241600
4/30/2014,124.190002,125.050003,123.82,124.220001,10352900
5/1/2014,123.169998,123.830002,123.059998,123.800003,6687300
5/2/2014,123.690002,125.669998,123.330002,125.059998,9912900
5/5/2014,126.470001,126.629997,126,126.220001,5196500
5/6/2014,126.019997,126.110001,125.629997,125.980003,3488000
5/7/2014,125.519997,125.57,123.919998,124.169998,8469900
5/8/2014,124.190002,124.470001,123.889999,124.169998,3695500
5/9/2014,124.389999,124.470001,123.82,124.099998,3120000
5/12/2014,125.400002,125.419998,124.690002,124.940002,4025500
5/13/2014,124.790001,125.099998,124.5,124.599998,2643500
5/14/2014,125.800003,125.959999,125.440002,125.809998,4015900
5/15/2014,124.769997,125.510002,124.540001,124.769997,5861100
5/16/2014,124.349998,124.769997,124.290001,124.5,4052100
5/19/2014,125.279999,125.470001,124.480003,124.580002,3902600
5/20/2014,124.120003,124.910004,124.089996,124.690002,3770800
5/21/2014,124.25,124.550003,123.529999,124.389999,6846500
5/22/2014,125.139999,125.239998,124.540001,124.669998,3458800
5/23/2014,124.599998,124.660004,124.190002,124.510002,2205900
5/27/2014,122.980003,123.07,121.75,121.849998,10895800
5/28/2014,121.470001,121.699997,120.919998,121.199997,6736800
5/29/2014,120.779999,121.459999,120.769997,120.940002,5551900
5/30/2014,120.760002,120.809998,119.620003,120.43,8749600
6/2/2014,119.93,120.459999,119.610001,119.699997,5916100
6/3/2014,119.730003,120.089996,119.419998,120.010002,5008300
6/4/2014,120.099998,120.160004,119.68,119.760002,3859500
6/5/2014,120.550003,120.879997,120.43,120.660004,4180400
6/6/2014,120.68,120.769997,119.940002,120.610001,4807700
6/9/2014,120.790001,120.849998,120.57,120.650002,2788000
6/10/2014,121.290001,121.470001,121.209999,121.389999,3556600
6/11/2014,121.510002,121.610001,121.18,121.410004,3572300
6/12/2014,121.919998,122.75,121.830002,122.639999,7388500
6/13/2014,122.57,123.040001,122.510002,122.959999,4026600
6/16/2014,122.879997,123.010002,122.300003,122.419998,5832800
6/17/2014,121.849998,122.5,121.82,122.279999,4032800
6/18/2014,122.220001,122.800003,122.089996,122.669998,4601700
6/19/2014,124.330002,127.230003,124.32,126.940002,24374800
6/20/2014,126.32,127.07,126.209999,126.5,9954700
6/23/2014,126.650002,126.940002,126.370003,126.849998,5142800
6/24/2014,127.220001,127.32,126.730003,126.980003,6350200
6/25/2014,126.779999,127.550003,126.660004,126.989998,6692300
6/26/2014,126.529999,126.919998,126.199997,126.730003,5529800
6/27/2014,126.879997,127.169998,126.650002,126.660004,4200300
6/30/2014,126.529999,128.039993,126.370003,128.039993,18123400
7/1/2014,127.989998,128.119995,127.489998,127.699997,8145900
7/2/2014,127.760002,128.240005,127.639999,127.699997,5738900
7/3/2014,126.790001,127.290001,126.610001,127.160004,4922500
7/7/2014,126.629997,127.029999,126.230003,127.019997,4630200
7/8/2014,127.290001,127.529999,126.43,127.07,6216600
7/9/2014,127.540001,128.259995,127.18,127.839996,8362700
7/10/2014,129.110001,129.210007,128.490005,128.539993,6313300
7/11/2014,128.410004,128.830002,128.380005,128.779999,4322100
7/14/2014,125.5,126.099998,125.449997,125.720001,11465500
7/15/2014,125.889999,126.32,124.360001,124.529999,10541700
7/16/2014,125.019997,125.470001,124.779999,124.970001,4099800
7/17/2014,125.519997,127.550003,125.110001,127.089996,11423900
7/18/2014,125.790001,126.209999,125.669998,126.129997,6460900
7/21/2014,126.529999,126.550003,126.110001,126.339996,3296300
7/22/2014,126.330002,126.43,125.470001,125.739998,3882000
7/23/2014,125.720001,126.040001,125.400002,125.620003,3041400
7/24/2014,124.849998,124.870003,123.900002,124.349998,8111600
7/25/2014,124.480003,125.93,124.43,125.790001,5638800
7/28/2014,125.440002,125.669998,125.300003,125.580002,3212900
7/29/2014,125.790001,125.879997,124.720001,125.199997,5267700
7/30/2014,124.889999,124.93,124.410004,124.830002,5614800
7/31/2014,123.849998,124.07,123.230003,123.389999,9896500
8/1/2014,124.540001,124.809998,124.230003,124.379997,7397000
8/4/2014,124.360001,124.470001,123.730003,123.989998,6499400
8/5/2014,123.739998,124.519997,123.400002,123.870003,8342500
8/6/2014,125.709999,126,125.519997,125.669998,9327800
8/7/2014,125.470001,126.510002,125.370003,126.18,7298900
8/8/2014,126.080002,126.410004,125.889999,126.190002,5728200
8/11/2014,125.839996,126.040001,125.639999,125.959999,3163500
8/12/2014,126.419998,126.809998,125.870003,125.989998,4609700
8/13/2014,126.349998,126.529999,125.900002,126.199997,3967500
8/14/2014,126.239998,126.529999,126.129997,126.309998,3348500
8/15/2014,124.519997,126.07,124.410004,125.480003,13070500
8/18/2014,124.779999,125.080002,124.650002,124.959999,4952500
8/19/2014,125,125,124.480003,124.68,4878400
8/20/2014,124.82,124.82,123.879997,124.220001,4395600
8/21/2014,122.720001,123.239998,122.449997,122.879997,8008800
8/22/2014,123.089996,123.330002,122.57,123.190002,4739200
8/25/2014,122.919998,123.040001,122.720001,122.739998,5012400
8/26/2014,123.919998,123.970001,123.279999,123.349998,3882300
8/27/2014,123.599998,123.709999,123.25,123.32,2576800
8/28/2014,124.150002,124.330002,123.809998,124,3296700
8/29/2014,123.75,124.220001,123.620003,123.860001,3683500
9/2/2014,121.970001,122.080002,121.43,121.650002,10128600
9/3/2014,121.699997,122.199997,121.660004,122.150002,3414600
9/4/2014,122.480003,122.660004,121.25,121.480003,7310600
9/5/2014,121.830002,122.059998,121.629997,122.059998,3490100
9/8/2014,121.580002,121.610001,120.370003,120.730003,7506500
9/9/2014,120.57,120.940002,120,120.870003,6157300
9/10/2014,120.129997,120.540001,119.639999,120.260002,7021500
9/11/2014,119.610001,119.699997,118.769997,119.470001,7612000
9/12/2014,118.629997,118.900002,118.07,118.379997,8126500
9/15/2014,118.790001,118.860001,118.459999,118.639999,4775400
9/16/2014,118.849998,119.43,118.440002,118.830002,6544500
9/17/2014,118.949997,119.239998,117.5,117.540001,8328700
9/18/2014,117.410004,118.089996,117.190002,117.779999,5368700
9/19/2014,117.510002,117.57,116.720001,117.089996,10930200
9/22/2014,116.720001,117.370003,116.580002,116.849998,7601600
9/23/2014,117.989998,117.989998,117.309998,117.599998,4664800
9/24/2014,117.120003,117.720001,116.900002,117.050003,5515000
9/25/2014,116.300003,117.760002,116.199997,117.389999,7631700
9/26/2014,117.019997,117.099998,116.580002,117.059998,4185200
9/29/2014,117.269997,117.400002,116.900002,117.029999,4049500
9/30/2014,116.540001,117.349998,115.849998,116.209999,10170100
10/1/2014,116.610001,117.260002,116.589996,116.769997,7018800
10/2/2014,116.860001,117.209999,116.330002,116.739998,6349900
10/3/2014,115.169998,115.510002,114.419998,114.610001,11301300
10/6/2014,115.160004,116.309998,114.940002,116.029999,7644100
10/7/2014,116.309998,116.629997,116.089996,116.360001,5274700
10/8/2014,117.029999,117.709999,115.849998,117.470001,10670900
10/9/2014,117.860001,118.260002,117.489998,117.639999,6610500
10/10/2014,117.699997,117.739998,117.190002,117.589996,4651400
10/13/2014,118.139999,118.669998,117.93,118.519997,5396300
10/14/2014,118.580002,118.82,118.349998,118.589996,5174800
10/15/2014,119.230003,120.18,118.589996,118.989998,9453800
10/16/2014,119.019997,119.650002,118.879997,119.220001,6545400
10/17/2014,119.059998,119.230003,118.419998,118.989998,8059000
10/20/2014,119.68,119.860001,119.540001,119.800003,3033700
10/21/2014,120.269997,120.5,119.910004,120.019997,4566100
10/22/2014,119.690002,119.790001,119.25,119.339996,3740200
10/23/2014,118.709999,118.82,117.879997,118.519997,6417500
10/24/2014,118.620003,118.629997,118.120003,118.349998,3610600
10/27/2014,118.18,118.370003,118.010002,118.059998,2443600
10/28/2014,118.480003,118.480003,118.010002,118.099998,3260100
10/29/2014,117.650002,117.910004,116.139999,116.410004,7900800
10/30/2014,115.800003,115.830002,114.940002,115.190002,7852200
10/31/2014,111.830002,112.879997,111.660004,112.660004,18208200
11/3/2014,112.389999,112.68,112,112.150002,6589800
11/4/2014,112.120003,112.709999,112.080002,112.220001,6430100
11/5/2014,109.919998,110.839996,109.669998,109.790001,13560100
11/6/2014,109.919998,110.489998,109.75,109.879997,7019900
11/7/2014,110.779999,113.150002,110.730003,112.970001,10916500
11/10/2014,112.239998,112.239998,110.279999,110.459999,8548500
11/11/2014,111.080002,112.760002,110.870003,112.040001,8603200
11/12/2014,112.050003,112.169998,111.230003,111.5,5133300
11/13/2014,111.889999,112.260002,111.220001,111.669998,4874600
11/14/2014,110.760002,114.720001,110.650002,114.470001,14173600
11/17/2014,113.970001,114.269997,113.559998,114.050003,5441000
11/18/2014,114.860001,115.169998,114.550003,115.050003,5586700
11/19/2014,114.93,115.349998,112.879997,113.68,11997700
11/20/2014,114.57,115.019997,114.089996,114.860001,5607800
11/21/2014,115.580002,115.959999,114.470001,115.389999,6564300
11/24/2014,115.150002,115.370003,114.790001,115.110001,4695000
11/25/2014,115.099998,115.470001,114.900002,115.379997,9051800
11/26/2014,115.25,115.339996,114.980003,115.160004,3184000
11/28/2014,113.529999,113.830002,111.949997,112.110001,9616300
12/1/2014,113.800003,117.360001,113.739998,116.580002,15644000
12/2/2014,115.129997,115.709999,114.720001,115.139999,6378100
12/3/2014,115.68,116.760002,115.559998,116.330002,5758800
12/4/2014,116.010002,116.339996,115.610001,115.879997,3623600
12/5/2014,115.160004,115.18,114.239998,114.43,6331000
12/8/2014,114.970001,116.160004,114.459999,115.779999,5224500
12/9/2014,117.040001,118.989998,116.980003,118.190002,10467200
12/10/2014,118.150002,118.470001,117.809998,117.959999,4277400
12/11/2014,116.980003,118.379997,116.82,117.690002,5214500
12/12/2014,117.389999,117.800003,116.68,117.410004,4736500
12/15/2014,116.220001,116.970001,114.360001,114.389999,8796000
12/16/2014,116.279999,116.5,114.07,114.949997,9174000
12/17/2014,115.099998,115.480003,113.580002,114.269997,9097300
12/18/2014,115.589996,115.809998,114.580002,115.150002,5258100
12/19/2014,115.059998,115.220001,114.769997,114.769997,4652300
12/22/2014,114.809998,114.970001,112.410004,112.550003,7483200
12/23/2014,112.879997,113.32,112.610001,112.739998,7763300
12/24/2014,112.830002,112.919998,112.660004,112.769997,1501600
12/26/2014,114.82,114.980003,114.529999,114.830002,3765600
12/29/2014,114.610001,114.639999,113.230003,113.669998,12963700
12/30/2014,114.989998,116.260002,114.900002,115.199997,7987300
12/31/2014,114.889999,115,113.279999,113.580002,7624200
1/2/2015,112.489998,114.800003,112.32,114.080002,7109600
1/5/2015,114.779999,116,114.730003,115.800003,8168500
1/6/2015,116.220001,117.5,115.800003,117.120003,11232300
1/7/2015,116.470001,116.879997,116.169998,116.43,6434200
1/8/2015,116.449997,116.870003,115.849998,115.940002,7033700
1/9/2015,116.510002,117.339996,116.5,117.260002,7952200
1/12/2015,117.459999,118.709999,117.32,118.559998,8318200
1/13/2015,118.959999,119.190002,117.870003,118.160004,7691300
1/14/2015,119.080002,119.32,117.900002,117.970001,7727400
1/15/2015,120.410004,121.699997,120.339996,120.940002,17692500
1/16/2015,121.730003,123.150002,121.709999,122.519997,14428200
1/20/2015,123.629997,124.599998,123.489998,124.199997,14957400
1/21/2015,125.18,125.339996,123.370003,124.230003,11082700
1/22/2015,125.07,125.580002,124.150002,125.230003,10518400
1/23/2015,124.43,124.5,123.349998,124.230003,6266900
1/26/2015,123.330002,123.349998,122.519997,122.989998,6768600
1/27/2015,123.559998,124.639999,123.510002,124.400002,9584800
1/28/2015,123.519997,123.889999,122.940002,123.419998,8470600
1/29/2015,121.989998,122.290001,120.260002,120.760002,11998000
1/30/2015,121.300003,123.550003,120.919998,123.449997,14555900
2/2/2015,121.839996,123.160004,121.82,122.419998,8885200
2/3/2015,121.739998,121.760002,120.57,121.050003,8246600
2/4/2015,121.629997,122.220001,120.919998,121.580002,5386700
2/5/2015,120.980003,121.830002,120.610001,121.790001,6879900
2/6/2015,119.150002,119.519997,117.949997,118.639999,12949800
2/9/2015,118.830002,119.400002,118.769997,119.169998,5237200
2/10/2015,118.629997,119.059998,118.209999,118.470001,4085300
2/11/2015,118.489998,118.57,117,117.07,6784400
2/12/2015,117.68,117.82,117.089996,117.339996,4344400
2/13/2015,118.050003,118.580002,117.790001,117.980003,4108900
2/17/2015,116.400002,116.540001,115.580002,116.010002,7225200
2/18/2015,115.989998,116.529999,114.989998,116.339996,8320400
2/19/2015,116.400002,116.540001,115.739998,115.940002,6528700
2/20/2015,116.099998,116.459999,115.050003,115.279999,6681700
2/23/2015,115.110001,116.220001,115.07,115.43,4812400
2/24/2015,115,115.550003,114.290001,115.260002,7598600
2/25/2015,115.830002,115.889999,115.330002,115.699997,5032500
2/26/2015,116.540001,116.550003,115.830002,116.07,4025400
2/27/2015,116.739998,117.07,116.160004,116.160004,8255600
3/2/2015,116.5,116.639999,115.620003,115.68,7993300
3/3/2015,116.040001,116.610001,115.349998,115.470001,4738300
3/4/2015,115.699997,115.790001,115.019997,115.110001,4756000
3/5/2015,115.43,116.120003,114.839996,115,5872200
3/6/2015,113.169998,113.260002,111.699997,111.860001,11190800
3/9/2015,112.419998,112.620003,111.949997,111.970001,5534000
3/10/2015,112.089996,112.349998,111.220001,111.419998,7003100
3/11/2015,111.230003,111.25,110.160004,110.75,6550400
3/12/2015,111.150002,111.199997,110.25,110.720001,6631500
3/13/2015,111.099998,111.279999,110.510002,110.879997,4557600
3/16/2015,111.089996,111.209999,110.419998,110.809998,3265300
3/17/2015,109.919998,111.349998,109.769997,110.209999,8914600
3/18/2015,110.330002,112.870003,110.089996,112.370003,12628300
3/19/2015,111.849998,112.580002,111.580002,112.290001,6537700
3/20/2015,112.709999,114,112.669998,113.57,8033400
3/23/2015,113.699997,114.370003,113.489998,114.290001,4234900
3/24/2015,114.349998,114.650002,113.82,114.57,2979300
3/25/2015,115.110001,115.139999,114.650002,114.730003,3021400
3/26/2015,115.730003,115.839996,115.339996,115.480003,5495200
3/27/2015,115.139999,115.360001,114.449997,115.059998,4921300
3/30/2015,113.900002,114.010002,113.540001,113.75,4383900
3/31/2015,113.839996,114.279999,113.410004,113.660004,4383300
4/1/2015,114.559998,115.989998,114.540001,115.599998,7275800
4/2/2015,115.470001,115.720001,114.68,115.279999,3884100
4/6/2015,117.32,117.470001,116.519997,116.690002,5914200
4/7/2015,116.269997,116.510002,115.940002,116.110001,2468500
4/8/2015,115.980003,116.029999,114.900002,115.470001,5568500
4/9/2015,114.800003,114.849998,114.480003,114.669998,4706000
4/10/2015,116,116.190002,115.5,115.970001,3932400
4/13/2015,115.349998,115.389999,114.800003,115.139999,3190100
4/14/2015,114.690002,115.07,114.389999,114.440002,3649200
4/15/2015,114.800003,115.599998,114.470001,115.43,3656000
4/16/2015,115.550003,115.660004,114.639999,115.029999,3132300
4/17/2015,115.379997,115.790001,115.230003,115.599998,3496300
4/20/2015,114.82,114.949997,114.32,114.720001,3902200
4/21/2015,114.720001,115.559998,114.650002,115.379997,3317700
4/22/2015,114.830002,114.959999,113.769997,113.830002,5696000
4/23/2015,113.900002,114.959999,113.809998,114.660004,3459500
4/24/2015,113.959999,114.07,112.769997,113.050003,7152900
4/27/2015,113.870003,115.82,113.669998,115.330002,7487600
4/28/2015,115.360001,116.620003,115.339996,116.330002,8054400
4/29/2015,116.059998,116.389999,115.279999,115.510002,7170400
4/30/2015,113.879997,113.879997,112.959999,113.470001,9440300
5/1/2015,112.419998,113.309998,112.279999,113.080002,7597000
5/4/2015,114.18,114.440002,113.879997,114.099998,3648100
5/5/2015,114.889999,115.110001,114.389999,114.419998,3856500
5/6/2015,114.589996,114.75,114.019997,114.360001,3280700
5/7/2015,113.839996,114.010002,113.32,113.419998,5455100
5/8/2015,114.339996,114.43,113.589996,113.970001,9963700
5/11/2015,114.089996,114.309998,113.080002,113.529999,2916700
5/12/2015,114.099998,114.669998,114.07,114.5,3256700
5/13/2015,115.739998,116.93,115.68,116.550003,11768200
5/14/2015,117.279999,117.75,117.029999,117.18,6923000
5/15/2015,116.800003,117.629997,116.68,117.529999,4447300
5/18/2015,117.779999,117.879997,117.269997,117.519997,5079500
5/19/2015,116.550003,116.730003,115.650002,115.889999,5052100
5/20/2015,116.029999,116.379997,115.760002,116.080002,4432600
5/21/2015,115.529999,116,115.470001,115.690002,2514700
5/22/2015,115.510002,115.93,115.32,115.599998,1779300
5/26/2015,113.839996,114.230003,113.699997,113.910004,5769600
5/27/2015,113.779999,114.019997,113.629997,113.889999,2681100
5/28/2015,113.849998,114.160004,113.209999,114.019997,5266000
5/29/2015,114.139999,114.480003,114,114.099998,3406700
6/1/2015,115.019997,115.5,113.900002,114,8254000
6/2/2015,114.360001,114.650002,114.169998,114.459999,3985700
6/3/2015,114.129997,114.370003,113.080002,113.639999,4886100
6/4/2015,112.980003,113.150002,112.480003,112.839996,5566600
6/5/2015,111.599998,112.389999,111.57,112.239998,5561300
6/8/2015,112.389999,112.660004,112.129997,112.57,3080600
6/9/2015,113.150002,113.230003,112.709999,112.82,3529900
6/10/2015,114.139999,114.139999,113.690002,113.779999,5452900
6/11/2015,113.269997,113.410004,112.919998,113.260002,4434700
6/12/2015,113.059998,113.5,112.959999,113.230003,2998500
6/15/2015,113.279999,114.150002,113.209999,113.730003,5054000
6/16/2015,113.080002,113.449997,112.790001,113.32,4032500
6/17/2015,113.07,114.040001,112.629997,113.849998,6456000
6/18/2015,115.190002,115.610001,114.889999,115.32,8041300
6/19/2015,115.339996,115.459999,114.949997,115.120003,4611600
6/22/2015,113.790001,113.940002,113.339996,113.639999,5763700
6/23/2015,112.959999,113.169998,112.790001,112.889999,4522800
6/24/2015,112.480003,112.739998,112.309998,112.589996,2974700
6/25/2015,112.43,112.709999,112.32,112.440002,2904700
6/26/2015,112.199997,112.68,112.129997,112.559998,4392600
6/29/2015,112.809998,113.230003,112.529999,113.07,5820200
6/30/2015,112.239998,113.050003,111.839996,112.370003,7897000
7/1/2015,112.120003,112.510002,111.940002,111.980003,4409000
7/2/2015,111.660004,111.839996,111.410004,111.760002,3838600
7/6/2015,111.709999,112.580002,111.629997,112.059998,4259800
7/7/2015,111.080002,111.139999,110.050003,110.760002,9073400
7/8/2015,111.379997,111.650002,111.080002,111.089996,5694900
7/9/2015,111.800003,111.93,111.150002,111.360001,3802900
7/10/2015,111.18,111.709999,111.029999,111.489998,3594900
7/13/2015,110.43,111.139999,110.360001,110.989998,4279300
7/14/2015,111,111.080002,110.629997,110.739998,2601000
7/15/2015,110,110.190002,109.580002,110.160004,9286200
7/16/2015,109.669998,110.010002,109.599998,109.760002,4629700
7/17/2015,109.110001,109.160004,108.400002,108.650002,14858300
7/20/2015,106.599998,106.650002,105.620003,105.699997,15751700
7/21/2015,105.809998,106.32,105.25,105.370003,10519800
7/22/2015,104.389999,105.089996,104.18,104.800003,8349200
7/23/2015,104.980003,105.300003,104.199997,104.330002,5779300
7/24/2015,103.610001,105.589996,103.43,105.349998,11572700
7/27/2015,104.940002,105.68,104.660004,104.860001,10690100
7/28/2015,105.089996,105.330002,104.830002,105.019997,5549200
7/29/2015,104.93,105.629997,104.489998,105.169998,5616900
7/30/2015,104.029999,104.970001,103.860001,104.269997,6652000
7/31/2015,105.410004,105.75,104.690002,104.93,6689200
8/3/2015,104.589996,104.82,104.050003,104.099998,3528600
8/4/2015,104.559998,104.75,103.949997,104.309998,3241000
8/5/2015,104.419998,104.5,103.779999,103.93,5041000
8/6/2015,104.150002,104.860001,104.139999,104.389999,3908100
8/7/2015,104.559998,105.379997,104.550003,104.650002,4400900
8/10/2015,105.029999,106.269997,104.919998,105.720001,5892600
8/11/2015,106.489998,106.629997,105.769997,106.260002,4007300
8/12/2015,106.989998,107.910004,106.93,107.75,10022500
8/13/2015,106.949997,107.18,106.709999,106.860001,4761700
8/14/2015,107.07,107.410004,106.540001,106.849998,3497600
8/17/2015,107.370003,107.510002,107,107.129997,5769100
8/18/2015,106.669998,107.330002,106.309998,107.110001,4121800
8/19/2015,107.629997,108.669998,107.629997,108.550003,7035100
8/20/2015,109.809998,110.610001,109.699997,110.440002,12549000
8/21/2015,110.93,111.330002,110.120003,111.129997,13917600
8/24/2015,111.540001,112.120003,109.769997,110.529999,18388700
8/25/2015,110.010002,110.050003,108.720001,109.160004,9974200
8/26/2015,107.720001,108.059998,107.080002,107.669998,10856600
8/27/2015,107.330002,108.040001,107.110001,107.730003,8102100
8/28/2015,108.169998,109.300003,108.120003,108.699997,7558900
8/31/2015,108.190002,108.919998,108.029999,108.82,4253600
9/1/2015,109.629997,109.769997,108.940002,109.199997,7077800
9/2/2015,109.010002,109.339996,108.459999,108.620003,4115700
9/3/2015,107.769997,108.32,107.559998,107.839996,3913100
9/4/2015,107.139999,107.559998,107.07,107.489998,4025000
9/8/2015,107.599998,107.940002,107.309998,107.519997,5982100
9/9/2015,106.639999,106.709999,105.480003,106.129997,8800600
9/10/2015,106.610001,106.699997,106.18,106.379997,6204000
9/11/2015,105.650002,106.199997,105.269997,106.160004,4023900
9/14/2015,105.860001,106.389999,105.779999,106.220001,2350800
9/15/2015,105.830002,106.059998,105.68,105.900002,2896400
9/16/2015,106.599998,107.709999,106.559998,107.309998,5315600
9/17/2015,107.07,108.580002,106.959999,108.410004,8403800
9/18/2015,109.099998,109.379997,108.82,109.209999,6759400
9/21/2015,108.489998,108.660004,108.330002,108.529999,4104800
9/22/2015,107.580002,107.959999,107.440002,107.790001,5483300
9/23/2015,108.540001,108.639999,108.199997,108.220001,2744200
9/24/2015,109.669998,110.82,109.629997,110.489998,11024300
9/25/2015,109.870003,110.029999,109.550003,109.809998,5209500
9/28/2015,108.370003,108.910004,108.269997,108.419998,3809600
9/29/2015,108.239998,108.690002,107.879997,107.980003,4043600
9/30/2015,106.779999,107.080002,106.470001,106.860001,7247800
10/1/2015,106.980003,107.209999,106.629997,106.730003,4278600
10/2/2015,108.540001,109.32,108.540001,108.989998,7730600
10/5/2015,109.139999,109.379997,108.459999,108.769997,5490200
10/6/2015,109.800003,110.260002,109.629997,109.860001,7513900
10/7/2015,109.75,110.139999,109.339996,109.699997,5355500
10/8/2015,109.160004,110.269997,109.059998,109.139999,5038200
10/9/2015,110.540001,111.050003,110.230003,110.870003,7907300
10/12/2015,111.669998,111.730003,111.010002,111.309998,6257900
10/13/2015,111.360001,111.870003,111.279999,111.860001,5149600
10/14/2015,112.629997,113.949997,112.300003,113.809998,10207800
10/15/2015,113.199997,113.989998,112.940002,113.290001,14083900
10/16/2015,113.239998,113.440002,112.43,112.489998,7328000
10/19/2015,112.639999,112.690002,111.889999,112.019997,3959400
10/20/2015,112.379997,113.089996,112.379997,112.730003,4903200
10/21/2015,112.370003,112.370003,111.410004,111.730003,3908800
10/22/2015,111.519997,112.209999,111.43,111.690002,3436400
10/23/2015,111.809998,111.839996,110.959999,111.5,4868400
10/26/2015,111.730003,111.980003,111.330002,111.43,2573500
10/27/2015,111.309998,111.809998,111.290001,111.68,2646100
10/28/2015,112.68,113.25,110.309998,110.75,8201200
10/29/2015,110.230003,110.599998,109.660004,109.720001,5147100
10/30/2015,109.5,109.580002,109.059998,109.300003,5543200
11/2/2015,108.639999,108.839996,108.459999,108.589996,5843300
11/3/2015,107.790001,107.809998,106.68,106.980003,7145300
11/4/2015,107.019997,107.089996,105.919998,105.970001,7366400
11/5/2015,106.010002,106.099998,105.580002,105.639999,5931100
11/6/2015,104.169998,104.419998,104.019997,104.099998,8831900
11/9/2015,104.290001,104.580002,104.190002,104.400002,4129200
11/10/2015,104.089996,104.650002,103.870003,104.18,4450800
11/11/2015,104.089996,104.230003,103.779999,103.830002,3527600
11/12/2015,103.089996,104.32,103.040001,103.849998,6300500
11/13/2015,103.540001,103.739998,103.449997,103.559998,3224200
11/16/2015,103.980003,104.029999,103.519997,103.709999,2951200
11/17/2015,103.379997,103.400002,101.980003,102.339996,8593100
11/18/2015,102.389999,102.949997,102.040001,102.43,5043800
11/19/2015,103.07,104.089996,103.07,103.559998,5087600
11/20/2015,103.580002,103.660004,102.970001,103.089996,5971600
11/23/2015,102.480003,102.75,102.160004,102.260002,4042500
11/24/2015,103.120003,103.25,102.690002,102.940002,3479600
11/25/2015,102.470001,102.690002,102.209999,102.459999,2931300
11/27/2015,101.010002,101.620003,100.989998,101.25,4993600
11/30/2015,101.529999,102.379997,101.519997,101.919998,6773000
12/1/2015,102.300003,102.43,101.809998,102.279999,4645900
12/2/2015,101.349998,101.349998,100.529999,100.690002,10223500
12/3/2015,101.230003,101.970001,100.849998,101.760002,6499900
12/4/2015,102.739998,104.209999,102.650002,104.019997,10670200
12/7/2015,103.32,103.370003,102.5,102.669998,4393500
12/8/2015,103.129997,103.260002,102.529999,102.839996,3412300
12/9/2015,103.629997,103.660004,102.32,102.639999,6026300
12/10/2015,102.510002,102.830002,102.339996,102.550003,3699300
12/11/2015,101.910004,103.32,101.849998,103.110001,6798400
12/14/2015,102.580002,102.720001,101.739998,101.790001,5527200
12/15/2015,101.709999,102.059998,101.410004,101.519997,6831100
12/16/2015,102.589996,103.199997,101.660004,102.75,8292200
12/17/2015,100.919998,100.989998,100.230003,100.5,10156200
12/18/2015,101.349998,102.529999,101.300003,102.040001,8345900
12/21/2015,102.949997,103.519997,102.830002,103.150002,6378900
12/22/2015,103.089996,103.199997,102.559998,102.610001,4061400
12/23/2015,102.400002,102.589996,102.209999,102.309998,2821400
12/24/2015,102.82,103.050003,102.769997,103.050003,1710200
12/28/2015,102.480003,102.599998,102.029999,102.269997,3353600
12/29/2015,102.519997,102.580002,102.110001,102.199997,2832200
12/30/2015,101.470001,101.599998,101.349998,101.419998,3745000
12/31/2015,101.480003,101.720001,101.309998,101.459999,3823600
1/4/2016,103.129997,103.669998,102.489998,102.889999,6440000
1/5/2016,103.129997,103.459999,102.93,103.18,3500300
1/6/2016,104.370003,104.800003,103.93,104.669998,9316600
1/7/2016,105.830002,106.239998,105.190002,106.150002,11730400
1/8/2016,105.480003,105.800003,105.040001,105.68,7678200
1/11/2016,105.470001,105.57,104.709999,104.739998,5905500
1/12/2016,104.089996,104.589996,103.650002,104.209999,5540200
1/13/2016,103.889999,104.82,103.779999,104.720001,7324200
1/14/2016,103.75,104.18,102.5,103.019997,9989100
1/15/2016,104.919998,104.959999,103.970001,104.080002,10052700
1/19/2016,104.059998,104.449997,103.650002,103.980003,4588400
1/20/2016,105.169998,106.160004,104.940002,105.370003,10120900
1/21/2016,104.989998,105.489998,104.519997,105.489998,5425000
1/22/2016,104.93,105.510002,104.760002,105,4185300
1/25/2016,105.760002,106.089996,105.599998,106.080002,6819400
1/26/2016,106.32,107.43,106.260002,107.290001,8431600
1/27/2016,106.860001,107.93,106.650002,107.690002,8273400
1/28/2016,106.550003,106.860001,106.480003,106.540001,5914200
1/29/2016,106.610001,107,106.260002,106.949997,8098700
2/1/2016,107.540001,108.150002,107.529999,108.050003,10471800
2/2/2016,107.919998,108.18,107.349998,108.089996,6656000
2/3/2016,107.910004,109.580002,107.900002,109.25,15785200
2/4/2016,110.449997,110.699997,109.919998,110.57,13192300
2/5/2016,109.790001,112.349998,109.580002,112.32,14777300
2/8/2016,113.669998,114.870003,113.389999,113.830002,28341200
2/9/2016,114.43,114.690002,113.550003,113.580002,17065400
2/10/2016,113.919998,114.519997,112.980003,114.459999,13311100
2/11/2016,118.589996,120.839996,117.769997,119.059998,49139000
2/12/2016,118.120003,118.739998,117.879997,118.360001,16981200
2/16/2016,116,116.309998,114.739998,114.769997,14601700
2/17/2016,115.470001,116.07,114.889999,115.480003,10582400
2/18/2016,115.300003,118.599998,115.290001,118.290001,13586500
2/19/2016,117.260002,117.970001,117.099998,117.580002,15192000
2/22/2016,115.440002,116.190002,115.410004,115.489998,10677800
2/23/2016,116.68,117.419998,116.519997,117.220001,9033400
2/24/2016,119,119.860001,117.349998,117.610001,17938800
2/25/2016,117.620003,118.910004,117.540001,117.919998,12461600
2/26/2016,117.43,117.720001,115.860001,117.110001,12505100
2/29/2016,117.589996,118.699997,117.529999,118.639999,11517500
3/1/2016,118.739998,119.110001,117.339996,117.769997,14139300
3/2/2016,118.339996,118.970001,118.07,118.68,8903000
3/3/2016,118.860001,121.300003,118.809998,120.730003,18634800
3/4/2016,121.129997,122.370003,120.220001,120.540001,16261100
3/7/2016,121.18,121.580002,120.410004,121.139999,9358600
3/8/2016,121.790001,121.879997,120.470001,120.580002,11531000
3/9/2016,119.199997,120.389999,118.839996,119.580002,8672900
3/10/2016,120.5,121.760002,120.419998,121.5,18090200
3/11/2016,121.190002,121.389999,119.360001,119.410004,10812300
3/14/2016,120.269997,120.309998,117.5,117.870003,14236200
3/15/2016,117.779999,118.040001,117.360001,117.959999,9941800
3/16/2016,117.419998,120.760002,117.339996,120.589996,17334000
3/17/2016,121.160004,121.18,120.029999,120.129997,9914300
3/18/2016,119.589996,120.339996,119.510002,119.800003,16965900
3/21/2016,119,119.330002,118.730003,118.959999,7240600
3/22/2016,119.730003,120.160004,118.959999,119.309998,6786800
3/23/2016,116.739998,117.120003,116.160004,116.610001,15993700
3/24/2016,116.769997,116.940002,116.300003,116.330002,6280900
3/28/2016,116.730003,116.910004,116.269997,116.599998,3879100
3/29/2016,117.360001,118.809998,116.800003,118.760002,14087300
3/30/2016,117.879997,118.199997,116.910004,117.099998,10769100
3/31/2016,118.160004,118.389999,117.599998,117.639999,9348200
4/1/2016,116.080002,116.980003,115.550003,116.93,10405400
4/4/2016,116.669998,116.730003,116.07,116.150002,7643700
4/5/2016,117.760002,117.93,117.150002,117.660004,8865900
4/6/2016,116.699997,117.389999,116.260002,116.940002,7415500
4/7/2016,118.650002,118.849998,115,118.610001,11900500
4/8/2016,118.07,118.769997,117.980003,118.43,9078900
4/11/2016,119.470001,120.300003,119.419998,120.029999,9846000
4/12/2016,120.230003,120.349998,119.550003,120.050003,9607900
4/13/2016,119.370003,119.43,118.559998,118.769997,8841500
4/14/2016,118.089996,118.190002,116.949997,117.110001,13125400
4/15/2016,117.330002,118.120003,117.190002,117.919998,7838100
4/18/2016,118.529999,118.559998,117.629997,117.739998,5798400
4/19/2016,119.870003,120.089996,119.370003,119.580002,21031500
4/20/2016,119.669998,120.080002,118.720001,118.970001,10233200
4/21/2016,120.419998,120.550003,119.129997,119.419998,14612800
4/22/2016,118.709999,119.019997,117.279999,117.889999,10047000
4/25/2016,118.139999,118.709999,118.110001,118.230003,4369400
4/26/2016,118.790001,118.889999,118.449997,118.699997,9906800
4/27/2016,118.970001,119.699997,118.43,119.040001,7976400
4/28/2016,119.919998,121.419998,119.730003,121.290001,15133600
4/29/2016,122.43,123.93,122.339996,123.650002,19043900
5/2/2016,123.779999,123.959999,123.050003,123.239998,12137500
5/3/2016,123.730003,123.82,122.510002,122.959999,9063600
5/4/2016,122.849998,123.230003,121.510002,122.209999,9327400
5/5/2016,122.629997,122.730003,121.25,122.07,8846900
5/6/2016,122.830002,123.809998,122.589996,123.18,11366800
5/9/2016,121.199997,121.290001,120.589996,120.650002,9236200
5/10/2016,120.739998,121.379997,120.080002,120.980003,9128500
5/11/2016,121.849998,122.160004,121.379997,122.120003,7590100
5/12/2016,122.019997,122.389999,121,121.160004,7447100
5/13/2016,121.089996,121.860001,120.660004,121.709999,7672800
5/16/2016,122.93,122.970001,121.379997,121.800003,7103000
5/17/2016,121.580002,122.519997,121.480003,122.220001,8619800
5/18/2016,121.220001,121.919998,119.879997,120.099998,13381700
5/19/2016,119,119.980003,118.919998,119.870003,14339700
5/20/2016,120.190002,120.32,119.309998,119.709999,10379400
5/23/2016,118.860001,119.599998,118.75,119.370003,8600100
5/24/2016,118.169998,118.230003,117.25,117.300003,12772000
5/25/2016,116.589996,117.059998,116.32,116.980003,10487300
5/26/2016,117.57,117.629997,116.389999,116.580002,5852100
5/27/2016,116.269997,116.360001,115.290001,115.620003,8686700
5/31/2016,115.760002,116.400002,115.5,116.059998,8187600
6/1/2016,115.970001,116.139999,115.199997,115.940002,8399600
6/2/2016,115.779999,115.970001,115.580002,115.669998,4514900
6/3/2016,118.25,118.889999,118.230003,118.879997,14605100
6/6/2016,118.889999,119.169998,118.459999,118.919998,9887900
6/7/2016,118.5,119.019997,118.410004,118.82,4602900
6/8/2016,120.300003,120.779999,120.230003,120.580002,11661700
6/9/2016,120.610001,121.480003,120.550003,121.25,12174000
6/10/2016,121.550003,122.099998,121.18,121.739998,13940000
6/13/2016,122.800003,122.830002,122.029999,122.639999,12594200
6/14/2016,123,123.059998,122.300003,122.769997,11651700
6/15/2016,122.519997,123.870003,122.379997,123.68,15053000
6/16/2016,125.169998,125.669998,122.230003,122.379997,26635000
6/17/2016,123.260002,124.099998,122.690002,123.949997,15573800
6/20/2016,122.260002,123.330002,122.129997,123.209999,11866200
6/21/2016,121.650002,121.860001,120.769997,120.839996,14585600
6/22/2016,120.830002,121.25,120.68,120.900002,7861000
6/23/2016,120.489998,121.029999,120.059998,120.110001,10704900
6/24/2016,126.620003,126.82,125,126,35782900
6/27/2016,126.440002,127.050003,125.830002,126.68,21228800
6/28/2016,125.559998,126.019997,125.059998,125.32,16001500
6/29/2016,125.910004,126.809998,125.699997,125.839996,12218400
6/30/2016,125.949997,126.519997,125.5,126.470001,15981600
7/1/2016,127.660004,128.419998,127.440002,128.410004,14940700
7/5/2016,128.800003,129.589996,128.169998,129.470001,19026200
7/6/2016,130.5,131.149994,129.820007,130.229996,17376700
7/7/2016,129.820007,130.119995,128.979996,129.740005,16469500
7/8/2016,129.850006,130.520004,128.970001,130.520004,17634200
7/11/2016,129.490005,129.899994,129.160004,129.289993,10855600
7/12/2016,128.520004,128.539993,126.989998,127.150002,26459600
7/13/2016,128,128.429993,127.610001,128.320007,7377700
7/14/2016,126.309998,127.370003,126.029999,127.330002,12132400
7/15/2016,126.379997,127.190002,126.330002,126.839996,13892100
7/18/2016,127.019997,127.5,126.629997,127.040001,8489700
7/19/2016,126.949997,127.349998,126.82,127.209999,5170700
7/20/2016,125.5,126.120003,125.309998,125.389999,11777700
7/21/2016,125.660004,127.370003,125.599998,127.300003,9399200
7/22/2016,126.43,126.519997,126.010002,126.349998,7716000
7/25/2016,125.529999,126.209999,125.110001,125.470001,13139400
7/26/2016,126.089996,126.139999,125.75,126,7613200
7/27/2016,126.790001,128.119995,126.040001,128.029999,16818400
7/28/2016,128.089996,128.199997,127.209999,127.660004,9261800
7/29/2016,128.419998,129.410004,127.879997,128.979996,13708200
8/1/2016,128.570007,129.339996,128.559998,129.220001,7109900
8/2/2016,130.039993,130.550003,129.940002,130.270004,7652800
8/3/2016,129.949997,129.960007,129.270004,129.649994,5010700
8/4/2016,130.009995,130.279999,129.820007,129.869995,4788700
8/5/2016,128.460007,128.550003,127.389999,127.550003,16205100
8/8/2016,127.290001,127.699997,127.269997,127.440002,6773800
8/9/2016,127.940002,128.139999,127.75,127.959999,7500400
8/10/2016,129.119995,129.199997,128.149994,128.559998,6196200
8/11/2016,128.610001,129.190002,127.480003,127.669998,9669900
8/12/2016,127.669998,129.259995,127.199997,127.400002,15395800
8/15/2016,127.620003,128.25,127.599998,127.839996,4530800
8/16/2016,128.119995,129.039993,128,128.470001,8678100
8/17/2016,128.169998,128.990005,127.459999,128.5,12034800
8/18/2016,128.889999,129.169998,128.580002,129.110001,9500600
8/19/2016,128.080002,128.669998,127.860001,127.970001,10660100
8/22/2016,127.629997,127.919998,127.449997,127.779999,8627200
8/23/2016,128.139999,128.220001,127.610001,127.760002,9038500
8/24/2016,126.919998,126.970001,126.300003,126.339996,13539700
8/25/2016,125.980003,126.309998,125.959999,126.230003,5926300
8/26/2016,126.879997,128.110001,125.82,126.050003,17967700
8/29/2016,126,126.480003,125.93,126.300003,5234800
8/30/2016,125.730003,125.949997,124.879997,125.029999,9877000
8/31/2016,124.730003,125.110001,124.639999,124.779999,13324100
9/1/2016,124.669998,125.510002,124.550003,125.290001,12877700
9/2/2016,126.290001,126.57,125.580002,126.57,11318600
9/6/2016,127.400002,129.080002,127.269997,128.710007,15115300
9/7/2016,128.789993,128.860001,128.119995,128.270004,8859800
9/8/2016,128.160004,128.520004,127.400002,127.589996,10306500
9/9/2016,127.239998,127.510002,126.699997,126.75,12485600
9/12/2016,126.309998,126.919998,125.970001,126.589996,11140300
9/13/2016,126.470001,126.599998,125.529999,125.75,8866400
9/14/2016,126.099998,126.540001,126.029999,126.18,5820700
9/15/2016,125.730003,126.099998,124.910004,125.370003,12790400
9/16/2016,124.809998,125.25,124.669998,125.059998,18995100
9/19/2016,125.610001,125.620003,125.25,125.32,4945500
9/20/2016,125.309998,125.589996,125.169998,125.440002,5672000
9/21/2016,126.330002,127.419998,125.959999,127.269997,13646400
9/22/2016,127.57,128.199997,127.5,127.57,15188000
9/23/2016,127.599998,127.860001,127.43,127.650002,7702300
9/26/2016,127.959999,128.039993,127.419998,127.550003,5842700
9/27/2016,126.860001,126.900002,126.339996,126.620003,6220700
9/28/2016,126.25,126.400002,125.730003,126.220001,6757700
9/29/2016,125.839996,126.339996,125.540001,126.07,7448400
9/30/2016,126.519997,126.550003,125.239998,125.639999,11204300
10/3/2016,125.32,125.459999,124.900002,125.32,9044100
10/4/2016,123.160004,123.18,120.860001,120.970001,24372700
10/5/2016,121.330002,121.589996,120.400002,120.779999,14718100
10/6/2016,119.690002,119.980003,119.239998,119.660004,17917700
10/7/2016,120.489998,120.580002,118.419998,119.739998,17907300
10/10/2016,119.739998,120.419998,119.739998,120.160004,4402600
10/11/2016,119.919998,120.160004,119.529999,119.550003,6065300
10/12/2016,119.720001,120.07,119.290001,119.739998,4848600
10/13/2016,120,120.419998,119.800003,120.029999,7184600
10/14/2016,119.370003,120.160004,119.290001,119.360001,6577300
10/17/2016,119.699997,119.919998,119.580002,119.68,4777900
10/18/2016,120.080002,120.639999,119.82,120.419998,4612500
10/19/2016,121.129997,121.459999,120.889999,121.110001,6019800
10/20/2016,121.389999,121.589996,120.629997,120.739998,6496700
10/21/2016,120.900002,120.93,120.550003,120.830002,6707800
10/24/2016,121.279999,121.300003,120.160004,120.559998,5481100
10/25/2016,120.889999,121.760002,120.860001,121.470001,6141100
10/26/2016,121.370003,121.529999,120.610001,120.790001,3905900
10/27/2016,121.110001,121.18,120.75,121.010002,4336000
10/28/2016,121.199997,122.480003,120.809998,121.580002,11639900
10/31/2016,121.510002,122,121.230003,121.940002,7722100
11/1/2016,122.800003,123.209999,122.57,122.730003,13384300
11/2/2016,123.760002,124.760002,123.559998,123.639999,15692400
11/3/2016,123.360001,124.330002,123.349998,124.300003,10093100
11/4/2016,124.400002,124.540001,124.040001,124.389999,8594600
11/7/2016,122.660004,122.709999,121.879997,122.150002,10015000
11/8/2016,122.120003,123.089996,121.360001,121.639999,9173700
11/9/2016,124.300003,124.349998,121.110001,121.559998,18236500
11/10/2016,121.519997,121.540001,119.379997,119.75,22268000
11/11/2016,119.650002,119.690002,116.230003,117.099998,20381800
11/14/2016,116.120003,117.139999,115.489998,116.110001,20431800
11/15/2016,116.459999,117.239998,116.290001,117.120003,9348600
11/16/2016,117.269997,117.269997,116.580002,116.769997,5269900
11/17/2016,116.910004,117.220001,115.440002,116.169998,10342300
11/18/2016,115.519997,115.769997,114.959999,115.150002,10444300
11/21/2016,115.720001,115.940002,115.290001,115.580002,6654200
11/22/2016,115.720001,115.790001,114.980003,115.540001,6391900
11/23/2016,113.870003,113.879997,112.650002,113.25,20864900
11/25/2016,113.419998,113.510002,112.349998,112.610001,5345900
11/28/2016,113.230003,113.839996,112.769997,113.800003,5655400
11/29/2016,112.760002,113.480003,112.690002,113.269997,7438600
11/30/2016,112.690002,112.790001,111.5,111.75,10925500
12/1/2016,111.110001,111.989998,110.629997,111.540001,10237000
12/2/2016,111.889999,112.32,111.779999,112.139999,7416500
12/5/2016,111.150002,112.110001,110.309998,111.540001,10187900
12/6/2016,111.690002,112.029999,111.190002,111.43,5533700
12/7/2016,112.129997,112.5,111.769997,111.830002,4901800
12/8/2016,111.720001,111.870003,111.459999,111.57,5977800
12/9/2016,111.18,111.25,110.190002,110.400002,10507700
12/12/2016,110.589996,111.110001,110.269997,110.82,6156700
12/13/2016,110.57,110.790001,110.059998,110.449997,7961600
12/14/2016,110.949997,110.980003,108.519997,108.830002,12933600
12/15/2016,107.849998,107.989998,107,107.339996,14427500
12/16/2016,107.949997,108.779999,107.480003,108.050003,9817300
12/19/2016,108.599998,108.879997,108.339996,108.589996,5339100
12/20/2016,107.470001,108,107.290001,107.790001,7321100
12/21/2016,108.25,108.309998,107.68,107.849998,5188700
12/22/2016,107.68,108.099998,107.489998,107.589996,4942800
12/23/2016,107.839996,108.25,107.800003,107.93,5008300
12/27/2016,108.610001,108.669998,108.239998,108.559998,3685500
12/28/2016,108.400002,108.910004,108.290001,108.860001,5091200
12/29/2016,109.230003,110.529999,109.160004,110.290001,7513500
12/30/2016,110.379997,110.620003,109.529999,109.610001,8873700
1/3/2017,109.620003,111,109.370003,110.470001,7527400
1/4/2017,111.059998,111.220001,110.610001,110.860001,4904100
1/5/2017,112.160004,112.940002,112.07,112.580002,9606800
1/6/2017,111.809998,112.379997,111.57,111.75,7686100
1/9/2017,112.389999,113.040001,112.18,112.669998,5353200
1/10/2017,112.940002,113.449997,112.639999,113.150002,6093400
1/11/2017,112.870003,114.190002,112.169998,113.5,9918700
1/12/2017,114.519997,114.93,113.809998,113.910004,8457300
1/13/2017,113.650002,114.309998,113.190002,114.209999,7261500
1/17/2017,115.889999,115.959999,115.5,115.849998,9108900
1/18/2017,115.739998,115.919998,114.559998,114.870003,6498100
1/19/2017,114.32,114.959999,113.940002,114.769997,6437000
1/20/2017,114.650002,115.760002,114.32,115.050003,12261500
1/23/2017,115.510002,116.169998,115.199997,115.790001,6373100
1/24/2017,115.690002,116.019997,114.940002,115.269997,5798800
1/25/2017,114.139999,114.440002,113.68,114.32,6697500
1/26/2017,113.239998,113.510002,112.830002,113.260002,5390500
1/27/2017,112.93,113.550003,112.809998,113.489998,6706600
1/30/2017,113.610001,114.300003,113.540001,113.970001,7687800
1/31/2017,115.269997,115.82,115.18,115.550003,10421900
2/1/2017,114.660004,115.449997,114.139999,115.199997,6932900
2/2/2017,116.260002,116.57,115.629997,115.839996,7189500
2/3/2017,115.730003,116.370003,115.709999,116.129997,9455500
2/6/2017,117.07,117.739998,116.739998,117.699997,8547800
2/7/2017,117.309998,117.739998,117.199997,117.459999,8621000
2/8/2017,118.089996,118.589996,117.809998,118.190002,9633400
2/9/2017,118.190002,118.580002,117.199997,117.290001,8177200
2/10/2017,116.68,117.860001,116.669998,117.599998,9072100
2/13/2017,116.730003,116.949997,116.150002,116.800003,7354900
2/14/2017,117.510002,117.559998,116.379997,116.93,6920800
2/15/2017,116.330002,117.480003,116.25,117.449997,7088400
2/16/2017,117.93,118.349998,117.830002,118.080002,6378700
2/17/2017,118.190002,118.400002,117.620003,117.68,7338100
2/21/2017,117.040001,118,116.769997,117.75,6166900
2/22/2017,117.860001,118.019997,117.239998,117.910004,6057200
2/23/2017,118.760002,119.160004,118.68,118.940002,7523300
2/24/2017,119.739998,119.879997,119.25,119.699997,9809000
2/27/2017,119.730003,120.400002,119.120003,119.120003,9263500
2/28/2017,119.709999,119.839996,118.82,119.230003,8727800
3/1/2017,117.980003,119.120003,117.949997,119.059998,8679600
3/2/2017,117.760002,118.339996,117.230003,117.580002,10986300
3/3/2017,116.949997,117.730003,116.440002,117.510002,10665800
3/6/2017,117.349998,117.349998,116.629997,116.720001,4883500
3/7/2017,116.129997,116.25,115.620003,115.779999,6846300
3/8/2017,114.989998,115.360001,114.949997,115.059998,7620900
3/9/2017,114.779999,115.029999,114.410004,114.470001,6410900
3/10/2017,114.449997,114.730003,114.129997,114.720001,7929500
3/13/2017,114.629997,114.910004,114.510002,114.739998,5807400
3/14/2017,114.540001,115.010002,114.029999,114.120003,5301800
3/15/2017,114.290001,116.25,114.019997,116.25,13524100
3/16/2017,117.269997,117.290001,116.690002,116.730003,9322000
3/17/2017,117.040001,117.269997,116.910004,116.989998,4683000
3/20/2017,117.309998,117.599998,117.209999,117.510002,4000200
3/21/2017,117.769997,118.800003,117.760002,118.540001,9567900
3/22/2017,118.870003,119.150002,118.68,118.830002,7287400
3/23/2017,119.150002,119.25,118.32,118.669998,6201100
3/24/2017,118.5,119.209999,118.389999,118.860001,6879600
3/27/2017,119.93,120.080002,119.269997,119.529999,8519600
3/28/2017,119.739998,119.830002,118.779999,119.040001,7112800
3/29/2017,119.220001,119.449997,119.050003,119.330002,4911000
3/30/2017,118.769997,119.120003,118.32,118.470001,6894600
3/31/2017,118.610001,119.080002,118.459999,118.720001,8520800
4/3/2017,118.690002,119.370003,118.669998,119.349998,6105700
4/4/2017,119.589996,119.769997,119.379997,119.620003,4687300
4/5/2017,118.620003,119.629997,118.400002,119.620003,8106000
4/6/2017,119.220001,119.419998,118.980003,119.18,4633500
4/7/2017,120.300003,120.669998,119.139999,119.459999,12351100
4/10/2017,119.040001,119.690002,118.849998,119.459999,4623700
4/11/2017,120.330002,121.400002,120.290001,121.190002,12455300
4/12/2017,121.379997,122.220001,121.139999,122.019997,9502500
4/13/2017,122.540001,122.650002,122.029999,122.599998,9892600
4/17/2017,122.550003,123.07,121.989998,122.239998,8469600
4/18/2017,122.43,123.029999,121.730003,122.82,10903700
4/19/2017,122.25,122.260002,121.279999,121.730003,8472700
4/20/2017,121.82,122.169998,121.5,121.959999,11787300
4/21/2017,122.139999,122.610001,121.730003,122.309998,15608000
4/24/2017,120.769997,121.510002,120.660004,121.480003,11053600
4/25/2017,120.529999,120.870003,120.050003,120.25,10344800
4/26/2017,120.209999,120.959999,119.870003,120.839996,9758800
4/27/2017,120.419998,120.599998,119.970001,120.389999,8267000
4/28/2017,120.339996,120.769997,120.269997,120.769997,8928200
5/1/2017,120.209999,120.75,119.349998,119.669998,9331800
5/2/2017,119.300003,119.650002,119.239998,119.650002,4900800
5/3/2017,119.18,119.339996,117.919998,117.980003,10811100
5/4/2017,116.809998,117.279999,116.629997,116.790001,12406900
5/5/2017,116.860001,117.07,116.68,117.010002,7127200
5/8/2017,117.029999,117.139999,116.68,116.75,5438400
5/9/2017,116.18,116.239998,115.559998,116.050003,6801300
5/10/2017,116.419998,116.5,115.860001,116.040001,4290500
5/11/2017,116.209999,116.849998,116.190002,116.5,6274400
5/12/2017,117.07,117.160004,116.730003,116.830002,5434500
5/15/2017,117.519997,117.540001,116.989998,117.139999,5019600
5/16/2017,117.449997,117.910004,117.400002,117.650002,4942800
5/17/2017,119.360001,120.019997,119.269997,119.790001,13936900
5/18/2017,119.769997,119.839996,118.559998,118.809998,10341100
5/19/2017,119.389999,119.550003,118.879997,119.400002,6787300
5/22/2017,119.629997,120.139999,119.580002,119.900002,5132500
5/23/2017,120.129997,120.190002,118.980003,119.139999,8305400
5/24/2017,119.07,119.739998,118.919998,119.610001,7025000
5/25/2017,119.519997,119.699997,119.290001,119.480003,4105100
5/26/2017,120.489998,120.790001,120.330002,120.540001,6791600
5/30/2017,120.239998,120.330002,119.949997,120.139999,4507500
5/31/2017,120.309998,121.230003,120.260002,120.620003,10360700
6/1/2017,120.169998,120.739998,120.059998,120.720001,8702500
6/2/2017,121.309998,121.709999,121.190002,121.610001,7268100
6/5/2017,121.910004,121.940002,121.580002,121.730003,3979200
6/6/2017,123.089996,123.309998,122.769997,123.099998,10798500
6/7/2017,122.790001,123.160004,122.019997,122.449997,9039200
6/8/2017,122.07,122.080002,120.949997,121.650002,8157700
6/9/2017,120.459999,120.910004,120.400002,120.540001,7054700
6/12/2017,120.330002,120.690002,120.269997,120.360001,4927400
6/13/2017,119.949997,120.709999,119.919998,120.480003,3786600
6/14/2017,121.510002,121.879997,119.57,119.82,21124800
6/15/2017,119.220001,119.5,119.129997,119.32,6796700
6/16/2017,119.349998,119.5,119.239998,119.339996,6435700
6/19/2017,118.739998,118.839996,118.330002,118.43,6787000
6/20/2017,118.419998,118.459999,118.07,118.18,4617400
6/21/2017,118.150002,118.660004,118.150002,118.519997,4723700
6/22/2017,119.129997,119.199997,118.599998,118.919998,5811900
6/23/2017,119.650002,119.660004,119.309998,119.43,9258600
6/26/2017,118.290001,118.540001,118.169998,118.360001,6593400
6/27/2017,118.870003,119.050003,118.480003,118.809998,5759300
6/28/2017,119.059998,119.059998,118.690002,118.900002,4220100
6/29/2017,117.970001,118.639999,117.910004,118.32,7705200
6/30/2017,118.080002,118.410004,117.949997,118.019997,7272600
7/3/2017,116.540001,116.849998,115.940002,116.089996,12145000
7/5/2017,115.910004,116.669998,115.870003,116.519997,7223300
7/6/2017,116.580002,116.610001,116.239998,116.470001,4443400
7/7/2017,115.779999,115.790001,114.800003,115.279999,11153600
7/10/2017,115.019997,115.57,114.830002,115.470001,4970900
7/11/2017,115.260002,115.769997,114.879997,115.620003,6637900
7/12/2017,116.209999,116.330002,115.870003,116.029999,4654400
7/13/2017,116.040001,116.040001,115.669998,115.82,4148900
7/14/2017,117.040001,117.25,116.639999,116.769997,5788200
7/17/2017,117.419998,117.529999,117.230003,117.290001,5170800
7/18/2017,117.989998,118.330002,117.879997,118.110001,7158600
7/19/2017,118.18,118.269997,117.839996,118.080002,3205100
7/20/2017,117.919998,118.620003,117.660004,118.239998,5571600
7/21/2017,119,119.389999,118.75,119.260002,10135900
7/24/2017,119.519997,119.580002,119.18,119.309998,3654300
7/25/2017,118.989998,119.32,118.790001,118.919998,6203000
7/26/2017,118.57,120.150002,118.550003,119.879997,8527900
7/27/2017,120.099998,120.139999,119.279999,119.790001,6385200
7/28/2017,120.150002,120.860001,120.139999,120.690002,7393600
7/31/2017,120.5,120.809998,120.449997,120.75,3944600
8/1/2017,120.440002,121.139999,120.440002,120.650002,7365100
8/2/2017,120.510002,121.019997,120.339996,120.400002,5945300
8/3/2017,120.309998,120.830002,120.309998,120.589996,4275600
8/4/2017,119.970001,120.040001,119.220001,119.650002,8644800
8/7/2017,119.43,119.790001,119.43,119.510002,3010100
8/8/2017,120.019997,120.120003,118.970001,119.860001,7227200
8/9/2017,121.019997,121.550003,120.760002,121.309998,9186200
8/10/2017,122.080002,122.440002,122.029999,122.209999,9817900
8/11/2017,122.239998,122.830002,122.029999,122.790001,8019500
8/14/2017,121.980003,122.239998,121.68,121.919998,5910200
8/15/2017,120.599998,121.230003,120.580002,120.980003,6731300
8/16/2017,120.660004,122.059998,120.660004,121.870003,8267300
8/17/2017,122.290001,122.610001,121.760002,122.489998,8183800
8/18/2017,123.370003,123.540001,122,122.300003,13654200
8/21/2017,122.540001,122.980003,122.5,122.760002,5549700
8/22/2017,122.559998,122.559998,121.849998,122.209999,6493900
8/23/2017,122.580002,122.690002,122.309998,122.669998,5038400
8/24/2017,122.389999,122.639999,122.129997,122.290001,4193400
8/25/2017,122.769997,123.019997,121.290001,122.739998,12398200
8/28/2017,123.330002,124.730003,123.330002,124.690002,11578300
8/29/2017,125.809998,125.870003,124.050003,124.419998,9861500
8/30/2017,124.330002,124.620003,124.160004,124.360001,6328400
8/31/2017,124.580002,125.839996,124.550003,125.82,11775500
9/1/2017,126.010002,126.169998,125.120003,126.059998,11567400
9/5/2017,126.650002,127.779999,126.57,127.459999,11813100
9/6/2017,127.339996,127.440002,126.550003,126.809998,10059300
9/7/2017,127.559998,128.320007,127.389999,128.130005,10219700
9/8/2017,128.210007,128.300003,127.589996,127.970001,9020000
9/11/2017,126.739998,126.940002,126.050003,126.190002,9126600
9/12/2017,126.029999,126.589996,125.940002,126.559998,8349000
9/13/2017,126.400002,126.449997,125.5,125.610001,8491000
9/14/2017,125.660004,126.440002,125.620003,126.160004,5330700
9/15/2017,125.989998,125.989998,125.410004,125.529999,8375100
9/18/2017,124.709999,124.760002,123.970001,124.360001,8859800
9/19/2017,124.489998,124.650002,124.029999,124.620003,5826500
9/20/2017,124.68,125.059998,123.150002,123.620003,11415400
9/21/2017,122.559998,123.07,122.489998,122.68,7757900
9/22/2017,123.029999,123.389999,122.93,123.239998,6011900
9/25/2017,122.779999,124.660004,122.709999,124.529999,10257200
9/26/2017,123.57,123.809998,122.900002,123.139999,8673600
9/27/2017,122.040001,122.510002,121.879997,121.980003,6903900
9/28/2017,122.040001,122.480003,121.830002,122.209999,5968200
9/29/2017,122.290001,122.300003,121.550003,121.580002,10208000
10/2/2017,121.169998,121.339996,120.739998,120.769997,11755400
10/3/2017,120.720001,121.099998,120.699997,120.830002,3728700
10/4/2017,121.209999,121.269997,120.709999,121.169998,6475200
10/5/2017,121.150002,121.239998,120.400002,120.519997,6205400
10/6/2017,120.260002,121.209999,119.779999,121.089996,10013300
10/9/2017,121.639999,122.110001,121.550003,122.080002,5264100
10/10/2017,122.620003,122.970001,122.360001,122.400002,9315500
10/11/2017,122.57,122.879997,122.029999,122.790001,5649400
10/12/2017,122.839996,123.040001,122.5,122.889999,3037600
10/13/2017,123.660004,123.860001,123.339996,123.82,6820300
10/16/2017,123.82,123.970001,122.57,122.970001,8202000
10/17/2017,122.029999,122.32,121.730003,122.129997,7041300
10/18/2017,121.709999,121.940002,121.550003,121.669998,3666400
10/19/2017,122.199997,122.550003,122.110001,122.389999,5567300
10/20/2017,121.68,121.980003,121.389999,121.610001,8481100
10/23/2017,120.980003,121.900002,120.959999,121.800003,5069700
10/24/2017,121.260002,121.709999,120.980003,121.330002,5114100
10/25/2017,121.309998,121.589996,120.839996,121.349998,4282400
10/26/2017,121.160004,121.160004,120.220001,120.330002,6438800
10/27/2017,120.379997,120.989998,120.209999,120.900002,6664200
10/30/2017,120.379997,121.470001,120.379997,121.129997,5119200
10/31/2017,120.82,120.839996,120.379997,120.669998,3910500
11/1/2017,120.980003,121.550003,120.839996,121.110001,4647800
11/2/2017,121.290001,121.959999,121.050003,121.190002,5369500
11/3/2017,121.360001,121.43,120.18,120.620003,6330600
11/6/2017,120.720001,121.849998,120.68,121.650002,6953800
11/7/2017,121.510002,121.559998,120.779999,121.209999,4165900
11/8/2017,121.949997,122.25,121.589996,121.629997,5565200
11/9/2017,121.849998,122.410004,121.730003,122.129997,6072400
11/10/2017,121.989998,122.110001,120.940002,121.129997,7116200
11/13/2017,121.43,121.550003,121.269997,121.309998,6249300
11/14/2017,120.900002,121.910004,120.769997,121.559998,6189000
11/15/2017,122.129997,122.360001,121.25,121.410004,4984800
11/16/2017,121.449997,121.709999,121.290001,121.400002,2796500
11/17/2017,122.150002,123.169998,121.949997,122.860001,10614000
11/20/2017,122.300003,122.410004,121.040001,121.309998,8356700
11/21/2017,121.669998,122,121.5,121.510002,4956500
11/22/2017,122.260002,122.949997,122.169998,122.629997,5211800
11/24/2017,122.360001,122.610001,122.220001,122.32,1779700
11/27/2017,123.260002,123.330002,122.669998,122.830002,4961200
11/28/2017,123.050003,123.169998,122.529999,122.809998,5603100
11/29/2017,122.239998,122.330002,121.739998,122.040001,6138900
11/30/2017,121.440002,121.699997,120.639999,121.099998,7936300
12/1/2017,120.940002,122.43,120.739998,121.589996,13080100
12/4/2017,121.150002,121.199997,120.839996,121.18,6943700
12/5/2017,120.099998,120.510002,119.720001,120.32,10041200
12/6/2017,120.040001,120.440002,119.870003,120.07,6643000
12/7/2017,119.010002,119.239998,118.099998,118.489998,12900200
12/8/2017,118.489998,118.919998,118.330002,118.480003,5231300
12/11/2017,118.370003,118.540001,117.800003,118.010002,4522200
12/12/2017,117.650002,118.169998,117.400002,118.150002,7912400
